Metric,Value
R² Score,0.1467383943245314
RMSE (M),122.58685298963063
MAE (M),69.78185480592212
MAPE (%),1059.990007444597
Mean Error (M),-2.339945261896936
Median Error (M),-23.771752740000004
